{
  "auc_roc": 0.8602184311016695,
  "auc_pr": 0.5261818073610767,
  "hits@10": 0.8455882352941176,
  "mrr": 0.6406938685741013
}