{
  "auc_roc": 0.7590487332038733,
  "auc_pr": 0.4895174579562584,
  "hits@10": 0.8235294117647058,
  "mrr": 0.7117450775759131
}