{
  "DpSpDaG": 3.211854014466683,
  "DaGpPWpG": 0.273501787269807,
  "DaGiG": 0.22134511277270688
}