{
  "run_dir": "/mnt/D/mva_P2/MLNS/experiments_hala/results/main2_full_cuda_hybrid_node2vec",
  "model_metrics": {
    "heuristics": {
      "auc_roc": 0.7300071224699919,
      "auc_pr": 0.4040200804145193,
      "hits@10": 0.8382352941176471,
      "mrr": 0.5874928334084055
    },
    "node2vec": {
      "auc_roc": 0.7544725560088101,
      "auc_pr": 0.4478219953844096,
      "hits@10": 0.8161764705882353,
      "mrr": 0.6581864603342662
    },
    "han": {
      "auc_roc": 0.8602184311016695,
      "auc_pr": 0.5261818073610767,
      "hits@10": 0.8455882352941176,
      "mrr": 0.6406938685741013
    },
    "hybrid": {
      "auc_roc": 0.7590487332038733,
      "auc_pr": 0.4895174579562584,
      "hits@10": 0.8235294117647058,
      "mrr": 0.7117450775759131
    }
  }
}