{
  "auc_roc": 0.7544725560088101,
  "auc_pr": 0.4478219953844096,
  "hits@10": 0.8161764705882353,
  "mrr": 0.6581864603342662
}