{
  "auc_roc": 0.8602133743434686,
  "auc_pr": 0.5261628789369687,
  "hits@10": 0.8455882352941176,
  "mrr": 0.6394683783780227
}