{
  "auc_roc": 0.8587266972070535,
  "auc_pr": 0.5423378411363123,
  "hits@10": 0.8529411764705882,
  "mrr": 0.668163962291362
}