{
  "run_dir": "/mnt/D/mva_P2/MLNS/experiments_hala/results/main2_full_cuda_hybrid_han",
  "model_metrics": {
    "heuristics": {
      "auc_roc": 0.7300071224699919,
      "auc_pr": 0.4040200804145193,
      "hits@10": 0.8382352941176471,
      "mrr": 0.5874928334084055
    },
    "node2vec": {
      "auc_roc": 0.751514945457389,
      "auc_pr": 0.44533576867146163,
      "hits@10": 0.8235294117647058,
      "mrr": 0.6554769620906293
    },
    "han": {
      "auc_roc": 0.8602133743434686,
      "auc_pr": 0.5261628789369687,
      "hits@10": 0.8455882352941176,
      "mrr": 0.6394683783780227
    },
    "hybrid": {
      "auc_roc": 0.8587266972070535,
      "auc_pr": 0.5423378411363123,
      "hits@10": 0.8529411764705882,
      "mrr": 0.668163962291362
    }
  }
}