{
  "auc_roc": 0.751514945457389,
  "auc_pr": 0.44533576867146163,
  "hits@10": 0.8235294117647058,
  "mrr": 0.6554769620906293
}