{
  "auc_roc": 0.7299895671779901,
  "auc_pr": 0.4040416723704501,
  "hits@10": 0.8382352941176471,
  "mrr": 0.5843726471274487
}