{
  "auc_roc": 0.4637743584563855,
  "auc_pr": 0.1437069215891095,
  "hits@10": 0.22058823529411764,
  "mrr": 0.11478497627567184
}