{
  "run_dir": "/mnt/D/mva_P2/MLNS/experiments/results/han_full_cuda",
  "model_metrics": {
    "heuristics": {
      "auc_roc": 0.7524895183046826,
      "auc_pr": 0.42509337793251617,
      "hits@10": 0.8308823529411765,
      "mrr": 0.58565346999338
    },
    "han": {
      "auc_roc": 0.4637743584563855,
      "auc_pr": 0.1437069215891095,
      "hits@10": 0.22058823529411764,
      "mrr": 0.11478497627567184
    }
  }
}