{
  "auc_roc": 0.8582974787889847,
  "auc_pr": 0.5252588591623145,
  "hits@10": 0.8455882352941176,
  "mrr": 0.6650379758266127
}