{
  "auc_roc": 0.8585392192000418,
  "auc_pr": 0.5439148914060157,
  "hits@10": 0.8382352941176471,
  "mrr": 0.7210825839068113
}