{
  "DpSpDaG": 1.7523018661775036,
  "DaGpPWpG": 0.0,
  "DaGiG": 0.0,
  "DdDaG": 0.0,
  "DaGpDaG": 7.1088606974744115,
  "DpSpDaGiG": 0.0,
  "DaGpPWpGiG": 0.0
}