{
  "auc_roc": 0.8247806403054907,
  "auc_pr": 0.4572766424946316,
  "hits@10": 0.6397058823529411,
  "mrr": 0.35497391316542304
}