{
  "auc_roc": 0.8494658212670567,
  "auc_pr": 0.5191793204117408,
  "hits@10": 0.8088235294117647,
  "mrr": 0.6286524138957802
}