{
  "run_dir": "/mnt/D/mva_P2/MLNS/experiments/results/final_full_cuda_hybrid_e15_fast",
  "model_metrics": {
    "heuristics": {
      "auc_roc": 0.7524895183046826,
      "auc_pr": 0.42509337793251617,
      "hits@10": 0.8308823529411765,
      "mrr": 0.58565346999338
    },
    "node2vec": {
      "auc_roc": 0.8498145095074875,
      "auc_pr": 0.4938336882572713,
      "hits@10": 0.8602941176470589,
      "mrr": 0.5865858202255261
    },
    "han": {
      "auc_roc": 0.8247806403054907,
      "auc_pr": 0.4572766424946316,
      "hits@10": 0.6397058823529411,
      "mrr": 0.35497391316542304
    },
    "hybrid": {
      "auc_roc": 0.8494658212670567,
      "auc_pr": 0.5191793204117408,
      "hits@10": 0.8088235294117647,
      "mrr": 0.6286524138957802
    }
  }
}