{
  "auc_roc": 0.8498145095074875,
  "auc_pr": 0.4938336882572713,
  "hits@10": 0.8602941176470589,
  "mrr": 0.5865858202255261
}