{
  "auc_roc": 0.8606766150998969,
  "auc_pr": 0.5303652160764694,
  "hits@10": 0.8382352941176471,
  "mrr": 0.6711523218044018
}