{
  "auc_roc": 0.8651137542519778,
  "auc_pr": 0.559559148920272,
  "hits@10": 0.8455882352941176,
  "mrr": 0.7028382136552181
}