{
  "DpSpDaG": 0.595687054996036,
  "DaGpPWpG": 0.5537032509610719,
  "DaGiG": 0.4066056404958097
}