{
  "auc_roc": 0.9136989339102556,
  "auc_pr": 0.6490171917152361,
  "hits@10": 0.8676470588235294,
  "mrr": 0.6584174731480477
}