{
  "auc_roc": 0.96716560231464,
  "auc_pr": 0.8375668478317863,
  "hits@10": 0.9117647058823529,
  "mrr": 0.8053882036685642
}