{
  "DpSpDaG": 2.9404321253191896,
  "DaGpPWpG": 0.2579509949413313,
  "DaGiG": 0.23473861852762606
}