{
  "run_dir": "/mnt/D/mva_P2/MLNS/experiments_hala/results/full_cuda_hybrid_han",
  "model_metrics": {
    "heuristics": {
      "auc_roc": 0.7524895183046826,
      "auc_pr": 0.42509337793251617,
      "hits@10": 0.8308823529411765,
      "mrr": 0.58565346999338
    },
    "node2vec": {
      "auc_roc": 0.9391239068670255,
      "auc_pr": 0.6686011372121621,
      "hits@10": 0.9044117647058824,
      "mrr": 0.7932123088469838
    },
    "han": {
      "auc_roc": 0.9136989339102556,
      "auc_pr": 0.6490171917152361,
      "hits@10": 0.8676470588235294,
      "mrr": 0.6584174731480477
    },
    "hybrid": {
      "auc_roc": 0.96716560231464,
      "auc_pr": 0.8375668478317863,
      "hits@10": 0.9117647058823529,
      "mrr": 0.8053882036685642
    }
  }
}