{
  "auc_roc": 0.9391239068670255,
  "auc_pr": 0.6686011372121621,
  "hits@10": 0.9044117647058824,
  "mrr": 0.7932123088469838
}