{
  "auc_roc": 0.7292290822244524,
  "auc_pr": 0.4016300170721344,
  "hits@10": 0.8382352941176471,
  "mrr": 0.6014373942813802
}