{
  "auc_roc": 0.9136983897874338,
  "auc_pr": 0.6490201008470567,
  "hits@10": 0.8676470588235294,
  "mrr": 0.6584174731480477
}