{
  "auc_roc": 0.9722015926181755,
  "auc_pr": 0.8594466620463237,
  "hits@10": 0.9117647058823529,
  "mrr": 0.865828173374613
}