{
  "run_dir": "/mnt/D/mva_P2/MLNS/experiments_hala/results/full_cuda_hybrid_node2vec",
  "model_metrics": {
    "heuristics": {
      "auc_roc": 0.7524895183046826,
      "auc_pr": 0.42509337793251617,
      "hits@10": 0.8308823529411765,
      "mrr": 0.58565346999338
    },
    "node2vec": {
      "auc_roc": 0.938663490987762,
      "auc_pr": 0.6670940994302188,
      "hits@10": 0.9117647058823529,
      "mrr": 0.8052889576883385
    },
    "han": {
      "auc_roc": 0.9136983897874338,
      "auc_pr": 0.6490201008470567,
      "hits@10": 0.8676470588235294,
      "mrr": 0.6584174731480477
    },
    "hybrid": {
      "auc_roc": 0.9722015926181755,
      "auc_pr": 0.8594466620463237,
      "hits@10": 0.9117647058823529,
      "mrr": 0.865828173374613
    }
  }
}