{
  "auc_roc": 0.938663490987762,
  "auc_pr": 0.6670940994302188,
  "hits@10": 0.9117647058823529,
  "mrr": 0.8052889576883385
}