{
  "auc_roc": 0.7524895183046826,
  "auc_pr": 0.42509337793251617,
  "hits@10": 0.8308823529411765,
  "mrr": 0.58565346999338
}