{
  "auc_roc": 0.5412549753026886,
  "auc_pr": 0.17281779674921177,
  "hits@10": 0.47794117647058826,
  "mrr": 0.24876252052987247
}